Creator,Year,Title,Reference,Keywords,Type (original in German),Item Type (Zotero)
"Schnabel, Uwe",1991,Schritte der Feldenkrais-Pädagogik,"Behinderte in Familie, Schule und Gesellschaft, 14/6,49-59.","Pädagogik/Psychologie, Feldenkrais-Pädagogik, Übergangserlebnisse, Krisen",Artikel,Journal Article
"Ophir, Yael",1990,Die Sprache der Bewegung -Erfahrungen mit der Gruppentherapie autistischer Kinder,"Beschäftigungstherapie und Rehabilitation, 29(5), 340-343.","Psychologie/Pädagogik, Feldenkrais, autistische Kinder, Erfahrungsbericht",Artikel,Journal Article
"Yaron, Gabriella",1985,Erfahrungen mit der Feldenkrais-Methode,"der kinderarzt, 16(6), 836-843.","Medizin, Feldenkrais-Methode, Kinder, Erfahrungsbericht",Artikel,Journal Article
"Sieben, Irene",1999,"Die Anatomie organischen Lernens -Neue Tendenzen in der Pädagogik des zeitgenössischen Tanzes (Vortrag vom 25.09.1998 in der Theaterwissenschaftlichen Sammlung der Universität Köln, Schloss Wahn)","Der Tanz der Dinge, 11 (43), März-Mai 1999, S. 7-13.","Zeitgenössischer Tanz, Tanzpädagogik, Analyse/Vergleich",Artikel,Journal Article
"Grübel, R., Erbacher, G., & Larisch, A.",2003,Die Wirksamkeit der Feldenkrais-Methode bei Krebs-Betroffenen,"Erfahrungsheilkunde, 2, 71-83.","Medizin, Funktionale Integration, Krebspatienten, Studie",Artikel,Journal Article
"Feldenkrais, Moshe",2000,Vom Lernen,"FeidenkraisZeit, Journal für somatisches Lernen, 1, 15-20.",Themenheft Ursprünge der Feldenkrais-Methode,Artikel,Journal Article
"Feldenkrais, Moshe",2000,Selbstverwirklichung durch organisches Lernen,"FeidenkraisZeit, Journal für somatisches Lernen, 1,6-14.",Themenheft Ursprünge der Feldenkrais-Methode,Artikel,Journal Article
"Feldenkrais, Moshe",2001,Das Körperbild,"FeidenkraisZeit, Journal für somatisches Lernen, 2, 13-17.",Themenheft Selbstbild und Körperbild,Artikel,Journal Article
"Hermens, Kordula",2001,"""Wenn man weiss, was man tut, kann man tun, was man tun möchte."", Über die Zusammenhänge zwischen Selbstbild und Handlung","FeidenkraisZeit, Journal für somatisches Lernen, 2, 6-12.",Themenheft Selbstbild und Körperbild,Artikel,Journal Article
"Hinz, Jan-Olav & Schultz-Kleibömer, Marianne",2006,Die innere Fülle finden,"FeidenkraisZeit, Journal für somatisches Lernen, 7, 29-33.",Themenheft ZeitRaum,Artikel,Journal Article
"Rastetter, Lydia, Fichtl, Charlotte, Pankofer, Sabine",2004,Auf die Füße kommen,"FeldenkraisZeit, Journal für somatisches Lernen ,5, 6-12.",Themenheft Gehen,Artikel,Journal Article
"Kopelsky, Cornelia M.",2000,"Berührungen und Gemeinsamkeiten der Feldenkrais-Methode mit ""der Gymnastik""","FeldenkraisZeit, Journal für somatisches Lernen, 1, 33-40.",Themenheft Ursprünge der Feldenkrais-Methode,Artikel,Journal Article
"Schleip, Robert",2000,"Lichtblicke im Dschungel der Gehirnforschung, Von 'Body and Mature Behaviour' (1949) bis zur Gegenwart","FeldenkraisZeit, Journal für somatisches Lernen, 1, 47-56.",Themenheft Ursprünge der Feldenkrais-Methode,Artikel,Journal Article
"Kemp, Friedhelm",2000,"Der aufrechte Gang, Hinweis auf Moshe Feldenkrais","FeldenkraisZeit, Journal für somatisches Lernen, 1,21-26.",Themenheft Ursprünge der Feldenkrais-Methode,Artikel,Journal Article
"Kraus, Werner & Pieper, Barbara",2000,Mia Segal im Gespräch mit Werner Kraus und Barbara Pieper,"FeldenkraisZeit, Journal für somatisches Lernen, 1,27-32.",Themenheft Ursprünge der Feldenkrais-Methode,Artikel,Journal Article
"Klinkenberg, Norbert",2000,Das Experiment der Selbsterziehung ■ Ideengeschichtliche Parallelen zur Feldenkrais-Pädagogik,"FeldenkraisZeit, Journal für somatisches Lernen, 1,41-45.",Themenheft Ursprünge der Feldenkrais-Methode,Artikel,Journal Article
"Schell, Klaus",2001,"Körperschema, Körperbild und Selbstbild, Einige Anmerkungen zur Terminologie","FeldenkraisZeit, Journal für somatisches Lernen, 2, 18-25.",Themenheft Selbstbild und Körperbild,Artikel,Journal Article
"Sieben, Irene",2001,Zeiten der Keuschheit,"FeldenkraisZeit, Journal für somatisches Lernen, 2, 35-41.",Themenheft Selbstbild und Körperbild,Artikel,Journal Article
"Ginsburg, Carl",2001,"Körperbild, Bewegung und Bewusstsein, Beispiele aus einer somatischen Praxis in der Feldenkrais-Methode","FeldenkraisZeit, Journal für somatisches Lernen, 2, 42-58.",Themenheft Selbstbild und Körperbild,Artikel,Journal Article
"Stäuber, Lena E.",2002,"Innerer Dialog, Oder mein ganz persönliches Hirngespinst","FeldenkraisZeit, Journal für somatisches Lernen, 3, 13-18.",Themenheft Dialog,Artikel,Journal Article
"Drolshagen, Ebba D.",2002,Von dem Stillstand beim Bewegen zur Bewegung im Stillstand,"FeldenkraisZeit, Journal für somatisches Lernen, 3, 21-24.",Themenheft Dialog,Artikel,Journal Article
"Pankofer, Sabine",2002,Zeit erleben...oder: Der Körper ist schneller als die Psyche,"FeldenkraisZeit, Journal für somatisches Lernen, 3, 25-29.",Themenheft Dialog,Artikel,Journal Article
"Kühl, Wolfgang",2002,Feldenkrais-Methode und analytische Psychotherapie,"FeldenkraisZeit, Journal für somatisches Lernen, 3, 30-38.",Themenheft Dialog,Artikel,Journal Article
"Rüge, Uta",2002,Worte finden - sich verkörpern,"FeldenkraisZeit, Journal für somatisches Lernen, 3, 39-45.",Themenheft Dialog,Artikel,Journal Article
"Klinkenberg, Norbert & Hoffmann, Silvia",2002,Feldenkrais-Methode und Jacoby/Gindler-Arbeit im Dialog,"FeldenkraisZeit, Journal für somatisches Lernen, 3, 46-56.",Themenheft Dialog,Artikel,Journal Article
"Lacina, Marianne",2002,Drei Feldenkrais-Lektionen mit Kevin,"FeldenkraisZeit, Journal für somatisches Lernen, 3, 6-12.",Themenheft Dialog,Artikel,Journal Article
"Fröschl, Monika",2003,Einfach anders fragen: Der Weg zum Gesund-Sein,"FeldenkraisZeit, Journal für somatisches Lernen, 4, 27-41.",Themenheft Dialog,Artikel,Journal Article
"Schacker, Werner",2003,"Zur eigenen Sprache kommen, Scientists meet Feldenkrais teachers. Überlegungen zu einem notwendigen Dialog","FeldenkraisZeit, Journal für somatisches Lernen, 4, 35-26.",Themenheft Dialog,Artikel,Journal Article
"Moegling, Klaus",2003,"Integrative Bewegungslehre, Auf dem Weg zu einer ganzheitlichen Sichtweise der menschlichen Bewegung","FeldenkraisZeit, Journal für somatisches Lernen, 4, 42-51.",Themenheft Dialog,Artikel,Journal Article
"Kraus, Werner & Stollorz, Volker",2003,"Die Kunst des Lösbaren, Ein Dialog zwischen der Psychologin Esther Thelen un der Feldenkrais-Trainerin Chava Shelhav","FeldenkraisZeit, Journal für somatisches Lernen, 4, 5-11.",Themenheft Dialog,Artikel,Journal Article
"Kersting, Heinz J.",2003,"«Man sieht nur das, was man sieht» Beobachtungen zweiter Ordnung zur ""feldenkrais zeit""","FeldenkraisZeit, Journal für somatisches Lernen, 4, 52-56.",Themenheft Dialog,Artikel,Journal Article
"Wiesendanger, Konrad",2003,"Frau H. hat Rückenschmerzen, Protokoll einer Begegnung","FeldenkraisZeit, Journal für somatisches Lernen, 4, 57-59.",Themenheft Dialog,Artikel,Journal Article
"Cave, Richard",2004,Ein Theaterstück über das Gehen,"FeldenkraisZeit, Journal für somatisches Lernen, 5, 14-20.",Themenheft Gehen,Artikel,Journal Article
"Troje, Nikolaus F.",2004,"""Cat Walk"" und Westernheld, Was Bewegung ausdrückt","FeldenkraisZeit, Journal für somatisches Lernen, 5, 21-26.",Themenheft Gehen,Artikel,Journal Article
"Rywerant, Yochanan",2004,Einige Bemerkungen über das Gehen,"FeldenkraisZeit, Journal für somatisches Lernen, 5, 27-29.",Themenheft Gehen,Artikel,Journal Article
"Wadler, Eli",2004,Gehen als Referenzbewegung in der Feldenkrais-Methode,"FeldenkraisZeit, Journal für somatisches Lernen, 5, 30-32.",Themenheft Gehen,Artikel,Journal Article
"Russell, Roger & Schläfke, Ulla",2004,Das Abenteuer auf zwei Beinen,"FeldenkraisZeit, Journal für somatisches Lernen, 5, 34-40.",Themenheft Gehen,Artikel,Journal Article
"Gillmayr, Roland P.",2004,Einfach Wandern,"FeldenkraisZeit, Journal für somatisches Lernen, 5, 41-49.",Themenheft Gehen,Artikel,Journal Article
"Giersch, Ulrich",2004,Der gemessene Schritt als Sinn des Körpers oder: Gehkünste und Kunstgänge,"FeldenkraisZeit, Journal für somatisches Lernen, 5, 51-60.",Themenheft Gehen,Artikel,Journal Article
"Berns, Terrence",2005,Lernende scheitern nie,"FeldenkraisZeit, Journal für somatisches Lernen, 6, 18-23.",Themenheft Fehler,Artikel,Journal Article
"Graf-Pointner, Sabina",2005,Wann ist ein Fehler ein Fehler?,"FeldenkraisZeit, Journal für somatisches Lernen, 6, 24-28.",Themenheft Fehler,Artikel,Journal Article
"Delman, Russell D.",2005,Ein Fehler nach dem anderen,"FeldenkraisZeit, Journal für somatisches Lernen, 6, 30-33.",Themenheft Fehler,Artikel,Journal Article
"Erni Tank, Christina & Tank, Ueli",2005,Aus Fehlern wird man klug,"FeldenkraisZeit, Journal für somatisches Lernen, 6, 36-43.",Themenheft Fehler,Artikel,Journal Article
"Pieper, Barbara & Mesch, Wolfgang",2005,"Keine Panik, Fehler in der Jazzimprovisation","FeldenkraisZeit, Journal für somatisches Lernen, 6, 44-51.",Themenheft Fehler,Artikel,Journal Article
"Kraus, Werner",2005,"Dürers Rhinozeros, Ein klassischer Fehler der europäischen Kunstgeschichte","FeldenkraisZeit, Journal für somatisches Lernen, 6, 6-8.",Themenheft Fehler,Artikel,Journal Article
"Kahl, Reinhard",2005,Das Neue kommt als Fehler zur Welt,"FeldenkraisZeit, Journal für somatisches Lernen, 6, 9-17.",Themenheft Fehler,Artikel,Journal Article
"Goetze, Walter & Weise, Sylvia",2006,"Die Zeit ist immer reif, Eine Begegnung","FeldenkraisZeit, Journal für somatisches Lernen, 7, 16-19.",Themenheft ZeitRaum,Artikel,Journal Article
"Wiesendanger, Konrad",2006,"Den architektonischen Raum erfahren, Rückblick eines Feldenkrais Lehrers auf seine Architekturausbildung","FeldenkraisZeit, Journal für somatisches Lernen, 7, 20-26.",Themenheft ZeitRaum,Artikel,Journal Article
"Gunnarsson, Inger",2006,"Zeit und Raum, Fünf Gruppenstunden in Bewusstheit durch Bewegung","FeldenkraisZeit, Journal für somatisches Lernen, 7, 27-28.",Themenheft ZeitRaum,Artikel,Journal Article
"Wild, Christoph",2006,"Alles hat seine Zeit, Das altchinesische Zeitverständnis in der Darstellung von Francois Jullien","FeldenkraisZeit, Journal für somatisches Lernen, 7, 34-39.",Themenheft ZeitRaum,Artikel,Journal Article
"Feldman, Bob",2006,Vom Wert der Pausen,"FeldenkraisZeit, Journal für somatisches Lernen, 7, 40-43.",Themenheft ZeitRaum,Artikel,Journal Article
"Baic, Stefan",2006,"Feldenkrais mit Senioren, Arbeiten mit Menschen, die viel Zeit ""ohne Zeit"" hinter sich und nun eine Zeit ""mit viel Zeit"" vor sich haben","FeldenkraisZeit, Journal für somatisches Lernen, 7, 44-49.",Themenheft ZeitRaum,Artikel,Journal Article
"Roenneberg, Till & Merrow, Martha",2006,"Außenzeit und Innenzeit, Wecker und innere Uhr","FeldenkraisZeit, Journal für somatisches Lernen, 7, 5-12.",Themenheft ZeitRaum,Artikel,Journal Article
"Rohmert-Landzettel, Johanna & Landzettel, Martin",2006,"Die verdächtige Ruhe, Gewebe als Raum","FeldenkraisZeit, Journal für somatisches Lernen, 7, 50-55.",Themenheft ZeitRaum,Artikel,Journal Article
"Kraus, Werner",2006,"Die Tänzer von Bali, Eine Erzählung über Raum und kosmische Ordnung","FeldenkraisZeit, Journal für somatisches Lernen, 7, 56-57.",Themenheft ZeitRaum,Artikel,Journal Article
"Candolini, Gernot",2006,"Die Faszination der Labyrinthe, Was ist ein Labyrinth","FeldenkraisZeit, Journal für somatisches Lernen, 7, 58-60.",Themenheft ZeitRaum,Artikel,Journal Article
"Dirschwigl, Katrin",2007,"""Es ist leicht zu wissen, was man sagen soll.......Die Kunst ist zu wissen, was man weg lassen muss"" (Stanley Kubrick) Über einen Workshop zum Thema Gleichgewicht","FeldenkraisZeit, Journal für somatisches Lernen, 8, 11-15.",Themenheft Gleichgewicht,Artikel,Journal Article
"Russell, Roger",2007,"Jede Feldenkrais-Lektion hat mit Gleichgewicht zu tun, Bewegungswissenschaft und Feldenkrais-Methode begegnen sich","FeldenkraisZeit, Journal für somatisches Lernen, 8, 16-26.",Themenheft Gleichgewicht,Artikel,Journal Article
"Schmollinger-Marchand, Traudel",2007,"Du hast ganz viel Zeit, Moritz entdeckt die Langsamkeit","FeldenkraisZeit, Journal für somatisches Lernen, 8, 27-28.",Themenheft Gleichgewicht,Artikel,Journal Article
"Fischer, Veronika & Marton, Andrea",2007,"Aus dem Gleichgewicht, Wie ein Tanzprojekt eine Schule ins Stolpern bringt","FeldenkraisZeit, Journal für somatisches Lernen, 8, 29-35.",Themenheft Gleichgewicht,Artikel,Journal Article
"Clenin, Daniel",2007,Kopfunter sieht die Welt ein bisschen anders aus,"FeldenkraisZeit, Journal für somatisches Lernen, 8, 36-37.",Themenheft Gleichgewicht,Artikel,Journal Article
"Delman, Russell",2007,Bewusstheit - und es ist Licht im Dunkel,"FeldenkraisZeit, Journal für somatisches Lernen, 8, 39-51.",Themenheft Gleichgewicht,Artikel,Journal Article
"Balmer, Hans",2007,"Hara, die Mitte der Bewegung","FeldenkraisZeit, Journal für somatisches Lernen, 8, 52-57.",Themenheft Gleichgewicht,Artikel,Journal Article
"Mader, Claudia",2007,"Wer das Gleichgewicht spüren will, der verliert es am besten","FeldenkraisZeit, Journal für somatisches Lernen, 8, 6-10.",Themenheft Gleichgewicht,Artikel,Journal Article
"Jacoby, Peter",1989,Funktionale Stimmtheorie - Versuch einer Anweisung zur naturgemäßen Stimmbildung,"Flöte aktuell, 2, 18-19.","Musikpädagogik, Feldenkrais-Methode, Stimmbildung, Kurzessay",Artikel,Journal Article
"Niethammer, Ulrike",2006,Funktionale Integration - die Einzelarbeit der Feldenkrais-Methode,"GZM - Praxis und Wissenschaft, 11(4), S. 18-21.","Zahnmedizin, Funktionale Integration, Anwendungsmöglichkeiten",Artikel,Journal Article
"Bost, Helga",1991,Die Feldenkrais-Methode und ihre Anwendung bei MS-Erkrankten - Ein Erfahrungsbericht-,"Krankengymnastik (KG), 43(3), 283-241.???","Medizin/Physiotherapie, Feldenkrais-Methode, Multiple Sklerose, Erfahrungsbericht",Artikel,Journal Article
"Schneider, Cornelia",1992,Effekte zweier unterschiedlicher krankengymnastischer Therapiemöglichkeiten bei chronischem Rückenschmerz (Teil 1),"Krankengymnastik (KG), 44(5), 619-623.","Physiotherapie, Feldenkrais-Methode, chronische Rückenschmerzen",Artikel,Journal Article
"Schneider, Cornelia",1992,Effekte zweier unterschiedlicher krankengymnastischer Therapiemöglichkeiten bei chronischem Rückenschmerz (Teil 2),"Krankengymnastik (KG), 44(6), 747-754.","Physiotherapie, Feldenkrais-Methode, chronische Rückenschmerzen,",Artikel,Journal Article
"Schneider, Cornelia",1992,Effekte zweier unterschiedlicher krankengymnastischer Therapiemöglichkeiten bei chronischem Rückenschmerz (Teil 3),"Krankengymnastik (KG), 44(7), 850-854.","Physiotherapie, Feldenkrais-Methode, chronische Rückenschmerzen,",Artikel,Journal Article
"Schneider, Cornelia",1992,Effekte zweier unterschiedlicher krankengymnastischer Therapiemöglichkeiten bei chronischem Rückenschmerz (Teil 4),"Krankengymnastik (KG), 44(8) 990-993.","Physiotherapie, Feldenkrais-Methode, chronische Rückenschmerzen,",Artikel,Journal Article
"Schneider, Cornelia",1992,Effekte zweier unterschiedlicher krankengymnastischer Therapiemöglichkeiten bei chronischem Rückenschmerz (Teil 9),"Krankengymnastik (KG), 44(9) 1136-1142.","Physiotherapie, Feldenkrais-Methode, chronische Rückenschmerzen,",Artikel,Journal Article
"Biege, Maria-Elisabeth",1993,Feldenkrais-Methode: 5-Tage-Seminare mit Bill Callison,"Krankengymnastik (KG), 45(1), 61-62.","Physiotherapie, Feldenkrais-Methode, Tagungsbericht",Artikel,Journal Article
"Bühler, Claus",1993,Anregungen für die Praxis -Feldenkrais-Methode,"Krankengymnastik (KG), 45(6), 749-750.","Physiotherapie, Feldenkrais-Methode, Kurzzusammenfassung",Artikel,Journal Article
"Schneider, Cornelia",1997,Schmerzbewältigung durch psychophysische Intervention am Beispiel der Feldenkrais-Methode,"Krankengymnastik (KG), 49(11), 1912-1917.","Physiotherapie, Feldenkrais-Methode, Gesprächspsychotherapie, chronische Schmerzen",Artikel,Journal Article
"Koch, Petra C.",2000,Die Feldenkrais-Methode,"Krankengymnastik, 52 (10), 1702-1710.","Physiotherapie, Feldenkrais-Methode, Einführung",Artikel,Journal Article
"Doron-Doroftei, Paul",2000,"Die Feidenkrais-Methode - ein Weg, die Absicht zu befreien","Krankengymnastik, 52 (7), 1144 1162.","Medizin/Pädagogik, Feidenkrais-Methode, Essay",Artikel,Journal Article
"Euler, Beate",2002,Integration von Erleben und Verhalten in der Physiotherapie,"Krankengymnastik, Zeitschrift für Physiotherapeuten, Sonderdruck 54, 1/2002, p. 28-34","Physiotherapie, Funktionale Integration, Rückenschmerzen, Fallgeschichte",Artikel,Journal Article
"Weinmann, Dorothee",1997,Die Feldenkraisarbeit in der Stimmerziehung von Sängern und Sprechern,"logo-report, 9, 20-26.","Musikpädagogik, Feldenkraisarbeit, Stimmerziehung, Stimme, Artikel",Artikel,Journal Article
"Steinmüller, W., Gfeller, R. & Spahn, C.",2006,Bewegungsorientierte Methoden bei Überlastungssyndromen von Musikern,"Med Welt, 57(12), 584-587.","Musik/Musikermedizin, Überlastungssyndrom, Vergleich von Körpermethoden (Somagogik)",Artikel,Journal Article
"Schmidt, Heike",2004,Spontaneität und innere Ordnung -Die Feldenkrais-Methode in der Musik,"Musikphysiologie Musikermedizin, 11(1&2), S.30-38.","Musikermedizin, Feldenkrais-Methode, Einführung",Artikel,Journal Article
"Braun, Gabriele",1992,Die Feldenkrais-Methode in der Psychomotorik - Grundlage für Theorie und Pädagogik,"Praxis der Psychomotorik, 1 (Februar), 16-24.","Pädagogik/Psychomotorik, Feldenkrais-Methode, Kinder, Anwendung",Artikel,Journal Article
"Quiel, Gesine",1996,Feldenkrais und Reiten -Reitlehrerausbildung auf neuen Wegen,"Praxis der Psychomotorik, 21(3), 169-176.","Sport, Reiten, Feldenkrais-Methode, Bericht",Artikel,Journal Article
"Woznica, Martin",2003,Psychomotorik ohne Feldenkrais?,"Praxis der Psychomotorik, Heft IV/03","Psychomotorik, Feldenkrais, Essay, Vergleich",Artikel,Journal Article
"Gampp, Christine Ingold",2005,Die Feldenkrais-Methode in Therapie und Rehabilitation,"Primary Care, 2005 ;5 (41), 840-843","Medizin, Physiotherapie, Feldenkrais-Methode, Schmerzen",Artikel,Journal Article
"Laumer, U., Bauer, M., Fichter, M., und Milz, H.",1997,Therapeutische Effekte der Feldenkrais-Methode Bewußtheit durch Bewegung bei Patienten mit Eßstörungen,"Psychotherapie Psychosomatik Medizinische Psychologie, 47(5), 170-180.","Psychologie, Bewußtheit durch Bewegung, Eßstörungen, Studie",Artikel,Journal Article
"Löwe, Bernd, Breining, Katja, Wilke, Stefanie, Wellmann, Renate, Zipfel, Stephan, Eich, Wolfgang",2002,"Quantitative and qualitative effects of Feldenkrais, progressive muscle relaxation, and standard medical treatment in patients after acute myocardial infaction","Psychotherapy Research, 12(2), 179-191.(In Englischer Sprache!)","Psychologie/Medizin, Funktionale Integration, Herzinfarkt, Rehabilitation, Studie",Artikel,Journal Article
"Milz, Helmut und Ots Thomas",1996,Leiberfahrung versus Körperdisziplinierung,"PÄD Forum, Oktober 1996, 466 473.","Pädagogik, Feldenkrais-Methode, Leiberfahrung, Essay",Artikel,Journal Article
"Zinner, Christine",1999,"Feldenkrais in der Schule ""Wachsamkeitspausen"" oder ""Alertness breaks""","Pädiatrie&Pädiologi, 3, 32-35.","Pädagogik, Feldenkrais, Erfahrungsbericht aus der praktischen Anwendung in der Schule",Artikel,Journal Article
"Brenner, Helmut",1989,Sekundärprävention bei Herzinfarktpatienten,"Report Psychologie, September 1989, S. 26-34","Psychologie, Prävention, Herzinfarkt",Artikel,Journal Article
"Jacoby, Peter",1991,Musikunterricht und Feldenkrais-Methode,"Schweizer Musikpädagogische Blätter, 79 (4), 208-213.","Musikpädagogik, Feldenkrais-Methode, Essay/Artikel",Artikel,Journal Article
"Bahnemann, Sabine",2006,Unterrichtserleichterungen - aber wie? Teil 2,"Turnen und Sport, 10, S. 9-12.","Bewegungspädagogik, Feldenkrais-Pädagogik, Kinderturnen, Erfahrungen",Artikel,Journal Article
"Kiphard, Ernst J.",1983,Die Feldenkrais-Methode - ein Weg zum besseren Körpergefühl,"Turnen und Sport, 5, p. 101.","Sportwissenschaft, Feldenkrais-Methode, Körpergefühl, Kurzdarstellung",Artikel,Journal Article
"Bahnemann, Sabine",2006,Unterrichtserleichterungen - aber wie? Teil 1,"Turnen und Sport, 9, S. 4-6.","Bewegungspädagogik, Feldenkrais-Pädagogik, Kinderturnen, Erfahrungen",Artikel,Journal Article
"Klinkenberg, Norbert",1996,Die Feldenkrais-Methode als Modell einer kognitiv-behavioralen Körpertherapie,"Verhaltenstherapie und psychosoziale Praxis, 28 (2), 191-202.","Medizin/Psychologie, Feldenkrais-Methode, Psychotherapie, Psychosomatik",Artikel,Journal Article
"Urbancic, Sibyl",2006,Feldenkrais für Sänger?,"vox humana, 1 (3), März 2006, S. 25-27.","Musikpädagogik, Gesang, Erfahrungsbericht, Feldenkrais Methode",Artikel,Journal Article
"Niethammer, Ulrike",2003,Stille Zwiesprache mit dem Körper -Berührung aus Sicht der Feldenkrais Methode,"Z.f. Physiotherapeuten, 55(12), 2134-2140.","Physiotherapie, Feldenkrais-Methode, Berührung, Vortrag gehalten beim 5. Symposium ""Ganzheitliche Körperarbeit -ein integrativer/psychosomatischer Ansatz in der Physiotherapie"", Mai 2003 in München",Artikel,Journal Article
"Jung, Martina",2003,Feldenkrais für Frauen mit Brustkrebs,"Zeitschrift für Physiotherapeuten, 55(9), 1573-1574.","Physiotherapie, Feldenkrais, Krebspatienten, Kurzvortrag",Artikel,Journal Article
"Strauch, Ralph",1992,Selbstbeschreibungsprozesse oder Wie definieren wir die Feldenkrais-Methode?,"Bibliothek der Feldenkrais-Gilde e.V., 2.durchgesehene und verbesserte Auflage, Bad Salzuflen/München.","Selbstebeschreibung, Feldenkrais-Methode, Aufsatz",Broschüre,Manuscript
"Feldenkrais, Moshe",1987,Körperausdruck,"Bibliothek des Feldenkrais-Verbands Deutschland e.V., 1, München/Bielefeld","Originaltext, Aufsatz zu zentralen Begriffen der Feldenkrais-Methode, z.B. Selbstbild, Reversibilität von Bewegungen, Einheit von Geist und Körper",Broschüre,Manuscript
"Jacoby, Peter",1996,Die Feldenkrais-Methode in Musikpädagogik und Stimmbildung (enthält die zwei Artikel: Unterricht als Weg zur Autonomie und Ganzheitliche Stimmbildung und Stimmtherapie),"Bibliothek des Feldenkrais-Verbands Deutschland e.V., 10, Stuttgart/Hiddenhausen","Musikpädagogik, Feldenkrais-Methode,",Broschüre,Manuscript
"von Foerster, Heinz",1998,"Über Bewusstsein, Gedächtnis, Sprache und Magie","Bibliothek des Feldenkrais-Verbands Deutschland e.V., 11, München/Herford","Erkenntistheorie, Vortrag",Broschüre,Manuscript
"Ginsburg, Carl",2004,Die Wurzeln der Funktionalen Integration,"Bibliothek des Feldenkrais-Verbands Deutschland e.V., 13, München","Grundlagen, Funktionale Integration",Broschüre,Manuscript
"Leri, Dennis",2005,Kopfmöbel. Über einige grundlegende Elemente der Feldenkrais-Methode,"Bibliothek des Feldenkrais-Verbands Deutschland e.V., 14, München","Grundlagen, Feldenkrais-Methode",Broschüre,Manuscript
"Feldenkrais, Moshe",1988,Drei Aufsätze,"Bibliothek des Feldenkrais-Verbands Deutschland e.V., 2, München/Bielefeld",,Broschüre,Manuscript
"Feldenkrais, Moshe",1990,Über die Wiederherstellung der Leistungsfähigkeit,"Bibliothek des Feldenkrais-Verbands Deutschland e.V., 3, München/Bad Salzuflen","Originaltext, Interview mit Richard und Helene Schechner, Theater",Broschüre,Manuscript
"Feldenkrais, Moshe",1990,Körper-Geist-Beziehungen,"Bibliothek des Feldenkrais-Verbands Deutschland e.V., 4, München/Bad Salzuflen","Originaltext, Zusammenfassung eines Seminars von 1959",Broschüre,Manuscript
"Feldenkrais, Moshe",1991,Organisches Lernen und Bewusstheit,"Bibliothek des Feldenkrais-Verbands Deutschland e.V., 5, München/Bad Salzuflen","Originaltext, Feldenkrais-Methode, Beschreibung (enspricht dem Buchkapitel ""Bewegungserziehung zur Verbindung von Körper und Geist"")",Broschüre,Manuscript
"Reese, Mark",1991,"Moshe Feldern krais' Arbeit mit Bewegung, Milton Erickson's Hypnotherapie, Parallelen/Teil 1","Bibliothek des Feldenkrais-Verbands Deutschland e.V., 6, München","Feldenkrais, Milton Erickson, Hypnotherapie, Vergleich",Broschüre,Manuscript
"Reese, Mark",1991,"Moshe Feldenkrais' Arbeit mit Bewegung, Milton Erickson's Hypnotherapie, Parallelen/Teil 2","Bibliothek des Feldenkrais-Verbands Deutschland e.V., 7, München","Feldenkrais, Milton Erickson, Hypnotherapie, Vergleich",Broschüre,Manuscript
"Czetczok, H.-E.",1995,Die Feldenkrais-Methode,"Bibliothek des Feldenkrais-Verbands Deutschland e.V., 8, Stuttgart/Hiddenhausen","Grundlagen, Feldenkrais-Methode",Broschüre,Manuscript
"von Foerster, Heinz",1995,Ethik und Kybernetik zweiter Ordnung mit einem Vorwort von H.-E. Czetczok,"Bibliothek des Feldenkrais-Verbands Deutschland e.V., 9, Stuttgart/Hiddenhausen","Kybernetik, Erkenntnistheorie, Vortrag",Broschüre,Manuscript
"Deutsche Multiple Sklerose Gesellschaft (Bost, H., Burges, S., Russell, R., Rüttinger, H., & Schläfke, U.)",1993,Feldstudie zur Wirksamkeit der Feidenkrais-Methode bei MS-Betroffenen,"Deutsche Multiple Sklerose Gesellschaft (Hrsg.), Landesverband Saarland e.V., Lessingstr. 7, 66121 Saarbrücken","Medizin, Bewußtheit durch Bewegung, Multiple Sklerose, Feldstudie",Broschüre,Manuscript
"Block, Brigitte, Esser, Beate, Schneeweiß, Uschi, & Theiß, Hans-Jürgen",2000,Feldenkrais-Projekt an der Mosaik-Schule. Ein Erfahrungsbericht über die Arbeit mit der Feldenkrais-Methode in einer Ober-/Werkstufenklasse von April 1997 bis Juni 2000.,Im Selbstverlag. Erhältlich über den Feldenkrais Verband Deutschland. (Auch DVD oder VHS).,"Pädagogik, Feldenkrais-Methode, Erfahrungsbericht aus der praktischen Anwendung in der Schule.",Broschüre,Manuscript
"Pieper, Barbara und Weise, Sylvia",1996,"Feldenkrais®, Aufgaben, Tätigkeiten, Entwicklung eines neuen Arbeitsfeldes","K. Engels-Maurer und C. Görtz (Hrsg.), Bibliothek der Feldenkrais-Gilde e.V., Nr. 12.","Berufsbild, Feldenkrais-Methode",Broschüre,Manuscript
"Klinkenberg, Norbert",2002,Moshe Feldenkrais und Heinrich Jacoby - Eine Begegnung,Schriftenreihe der Heinrich Jacoby - Elsa Gindler - Stiftung Band 1.,"Geschichte/Biographie, Moshö Feldenkrais, Heinrich Jacoby, Aufsatz nach Vortrag",Broschüre,Manuscript
"Jacoby, Peter",2000,Die eigene Stimme finden -Stimmbildung durch organisches Lernen.,Detmolder Hochschulschriften. Eine Schriftenreihe der Hochschule für Musik Detmold. Essen: Verlag Die Blaue Eule,"Musik, Feldenkrais-Methode, Stimmbildung, menschliche Stimme",Buch,Book
"Shelhav-Silberbusch, Chava",1999,Bewegung und Lernen - Die Feldenkrais-Methode als Lernmodell,Dortmund: verlag moderes lernen. ISBN: 3-8080-0441-X,"Pädagogik, Feldenkrais-Methode, Schule, Lernmodell, Dissertation",Buch,Book
"Feldenkrais, Moshe",1996,Bewusstheit durch Bewegung. Der aufrechte Gang,Frankfurt a. M.: Suhrkamp St2638; ISBN 3-518-39138-0,"Originalliteratur, Erläuterung der Methode mit fünf theoretischen Kapiteln und 12 Lektionen",Buch,Book
"Feldenkrais, Moshe",1981,Abenteuer im Dschungel des Gehirns. Der Fall Doris,Frankfurt a. M.: Suhrkamp St663; ISBN 3-518-37163-0,"Originalliteratur, Fallstudie",Buch,Book
"Feldenkrais, Moshe",1987,Die Entdeckung des Selbstverständlichen,Frankfurt a.M.: Suhrkamp St1440; ISBN 3-518-37940-2,Originalliteratur; Drei Jahre vor seinem Tod fasste M. Feldenkrais das Ergebnis seiner Forschungen in diesem Buch zusammen.,Buch,Book
"Feldenkrais, Moshe",1992,Das starke Selbst. Anleitung zur Spontaneität,Frankfurt a.M.: Suhrkamp Stl 957; ISBN 3-518-38457-0,Originalliteratur; Zur Physiologie der Sexualität,Buch,Book
"Rywerant, Yochanan",1985,Die Feldenkrais-Methode Die neue Bewegungstherapie,"Heidelberg: Kübler & Akselrad Verlag. (Genehmigte T aschenbuchausgabe, Goldmann Ratgeber)","Grundlagen, Feldenkrais-Methode, Methodik",Buch,Book
"Steinmüller, Wolfgang",2001,Die Feldenkrais-Methode,"In W. Steinmüller, K. Schaefer & M. Fortwängler (Hrsg.), Gesundheit - Lernen -Kreativität (pp. 93-131), Bern: Verlag Hans Huber.","Medizin/Gesundheitswissensc haften, Feldenkrais-Methode, Beschreibung",Buch,Book
"Russell, Roger",1999,Feldenkrais im Überblick,Karlsfeld: Thomas Kaubisch Verlag,"Grundlagen, Feldenkrais-Methode, Anwendung",Buch,Book
"Rüge, Uta und Weise, Sylvia (Hg.)",2007,Zuerst bin ich im Kopf gegangen & andere Fetdenkrais-Geschichten,Karlsruhe: von Loeper Literaturverlag im Ariadne Buchdienst;,"Grundlagen, Feldenkrais, Fallgeschichten, Anwendung",Buch,Book
"Wadler, Eli",2005,Grundlagen Funktionaler Integration -Hinweise zur Feldenkrais Arbeit,Karlsruhe: von Loeper Literaturverlag im Ariadne Buchdienst; ISBN: 3-86059-621-7,"Grundlagen, Funktionale Integration, Methodik",Buch,Book
"Klinkenberg, Norbert",2000,Feldenkrais-Pädagogik und Körperverhaltenstherapie,"Leben lernen 133, Stuttgart: Pfeiffer bei Klett-Cotta","Medizin/Psychologie/Psychoso matik, Feldenkrais-Methode, Verhaltenstherapie",Buch,Book
"Lober, Irene",1988,Auf eigenen Füßen gehen - Somato-psychologische Erfahrungen einer ehemals Querschnittsgelähmten,Löhrbach: Der Grüne Zweig 131,"Urspr. Examensarbeit zum Thema ""Somatische Psychologie und Erziehung"", Erfahrungsbericht einer Feldenkrais-Kollegin",Buch,Book
"Friedmann, Elly D.",1993,Laban Alexander Feldenkrais -Pioniere bewußter Wahrnehmung durch Bewegungserfahrung - Drei Essays,Paderborn: Junfermann Verlag,"Feldenkrais, Laban, Alexander, Vergleich der Theorien",Buch,Book
"Wallner, Gerhard",2000,Wahrnehmen und Lernen - Die Feldenkrais-Methode und der Pragmatismus Deweys,Paderborn: Junfermann Verlag,"Philosophie, Feldenkrais-Methode, Pragmatismus",Buch,Book
"Feldenkrais, Moshe",1990,Die Feldenkrais-Methode in Aktion. Eine ganzheitliche Bewegungslehre,Paderborn: Junfermann; ISBN 3 87387-019-3,"Originalliteratur; Transkript eines 5-tägigen Kurses, den Feldenkrais 1979 in Kalifornien gab",Buch,Book
"Woznica, Martin",2005,Yoga und Feldenkrais - Bewegung in der Nicht-Bewegung,Petersberg: Verlag Via Nova,"Feldenkrais, Yoga, praktische Anwendung der Feldenkrais-Methode für die Yoga-Praxis",Buch,Book
"Strauß, Elfie",1999,Lernen und Dialog in der Feldenkrais-Arbeit,"Reihe Bewegungslehre und Forschung Band 9, Immenhausen: Prolog-Verlag","Bewegungswissenschaften, Feldenkrais-Methode, theoretische Ansätze",Buch,Book
"Feldenkrais, Moshe",1994,Der Weg zum reifen Selbst. Phänomene menschlichen Verhaltens,"Schleip, R. (Hrsg.), Paderborn: Junfermann; ISBN 3-87387-126-2","Originalliteratur; Das Buch basiert auf den Manuskripten der ersten Vorträge, die Feldenkrais über seine Methode hielt.",Buch,Book
"Dech, Uwe Christian",1995,"Übergangsphänomene in ausgewählten Methoden der ""Modernen Körperarbeit""","Theorie und Forschung, Bd. 388, Psychologie, Bd. 132, Regensburg: S. Roderer Verlag","Psychologie, Feidenkrais-Methode, Körperarbeit im Vergleich, Dissertation",Buch,Book
"Jacoby, Peter",1992,Unterricht als Weg zur Autonomie,"In A. Eichhorn (Hrsg.), Festschrift Hans-Peter Schmitz zum 75. Geburtstag (pp. 107-116), Kassel: Bärenreiter.","Musikpädagogik, Feldenkrais-Methode, Instrumentalunterricht, Gesangsunterricht, Essay/Buchkapitel",Buchkapitel,Book Section
"Shusterman, Richard",1994,Die Sorge um den Körper in der heutigen Kultur,"In A. Kuhlmann (Hrsg.), Philosophische Ansichten der Kultur der Moderne (pp. 241-277), Frankfurt/M.: Fischer Taschenbuch Verlag.","Philosophie, Feldenkrais-Methode, Körper, Somatik",Buchkapitel,Book Section
"Duffner, Thomas",1993,Die Feldenkraismethode in der Psychotherapie,"In F. Christmann u.a. (Hrsg.), Ambulante Verhaltensmedizin und Psychotherapie. Der Blick über den Zaun (pp. 94-99). München: Quintessenz.","Medizin, Feldenkrais-Methode, Psychotherapie, Buchkapitel",Buchkapitel,Book Section
"Euler, Beate, & Weise, Sylvia",2005,Feldenkrais-Methode,"In F. van den Berg, Angewandte Physiologie 5 Komplementäre Therapien verstehen und integrieren (pp. 631-656), Stuttgart: Georg Thieme Verlad.","Feldenkrais-Methode Keine Kopie im Archiv, Buch ist da.",Buchkapitel,Book Section
"Schmersow, Sabine und Tillmann, Jan",2002,Vom Denken ohne Körper über Bewegung zu Bewusstheit mit Leib -Plädoyer für ein bewegliches Lernen,"In G. A. Pilz und H. Böhmer (Hrsg.), Wahrnehmen -bewegen - verändern: Beiträge zur Theorie und Praxis sport-, körper- und bewegungsbezogener sozialer Arbeit. Hannover: Blumhardt-Verlag.","Sozialwissenschaften, Soziale Arbeit, Körperarbeit, (Feldenkrais-Methode wird angesprochen)",Buchkapitel,Book Section
"Jacoby, Peter",1995,Ganzheitliche Stimmbildung und Stimmtherapie - Die Feldenkrais-Methode als Wegweiser (Workshop),"In G. Lotzmann (Hrsg.), Das Prinzip der Ganzheit in Diagnose, Therapie und Rehabilitation mündlicher Kommunikationsstörungen (pp. 178-194), Berlin: Edition Marhold im Wissenschaftsverlag V. Spiess.","Musikpädagogik, Feldenkrais-Methode, Stimmbildung, Stimme, Essay/Buchkapitel",Buchkapitel,Book Section
"Pieper, Barbara",1997,Subjektorientierung jenseits des Zaunes: Anregungen für die Praxis -Ideen aus der Praxis (Feldenkrais-Methode®),"In G.G. Voß und H.J. Pongratz (Hrsg.), Subjektorientierte Soziologie (pp. 127-154). Opladen: Leske + Budrich.","Soziologie, Feldenkrais-Methode, subjektorientierte Perspektive, Essay",Buchkapitel,Book Section
"Pieper, Barbara",2003,Zur Erweiterung von Handlungsspielräumen durch somatisches Lernen - Pädagogische Übergänge in der Feldenkrais Arbeit,"In Girmes, R., & Körte, P. (Hrsg.), Bildung und Bedingtheit oder: Ein erhöhter Verständigungsbedarf über nicht Selbstverständliches -Pädagogische Kommunikation im Kontext institutioneller und gesellschaftlicher Muster, S. 97-111. Opladen: Leske + Budrich.","Pädagogik, Feldenkrais Arbeit, somatisches Lernen",Buchkapitel,Book Section
"Jacoby, Peter",1987,Die Doppelventilfunktion des Kehlkopfs und ihre Bedeutung für die Phonation,"In H. Gundermann (Hrsg.), Aktuelle Probleme der Stimmtherapie (pp. 109-115), Stuttgart, New York: Gustav Fischer Verlag.","Musikpädagogik, Feldenkrais, Kehlkopf, Essay/Buchkapitel",Buchkapitel,Book Section
"Milz, Helmut",1985,Körperorientiertes Lernen und neuromuskuläre Rehabilitation. Die Feldenkrais-Methode. Gespräch mit David Bersin,"In H. Milz (Hrsg.), Ganzheitliche Medizin (pp. 125-149). Königstein: Athenaeum (München: Heyne, 1989) ISBN 3 7610-8375-0","Medizin, Feldenkrais-Methode, Lernen, Rehabilitation, Interview, Buchkapitel",Buchkapitel,Book Section
"Feldenkrais, Moshe",1977,Bewegungserziehung zur Verbindung von Körper und Geist,"In H. Petzold (Hrsg.), Psychotherapie und Körperdynamik (pp. 176-194), Paderborn: Junfermann-Verlag.","Originaltext, Feldenkrais-Methode, Beschreibung",Buchkapitel,Book Section
"Weitzer, K., & Graml S.",1995,Rückenschmerzen. Ein verhaltensmedizinisches Modell und die Folgen für die Rückenschulpraxis.,"In H. W. Hoefert, H.J. Kagelmann, H. P. Rosemeier (Hrsg.), Rheuma und Rückenschmerz, Psychomed Sonderband 3 (pp. 158-173). Berlin: Quintessenz.","Medizin, Rückenschmerzen, verhaltensmedizinisches Modell,",Buchkapitel,Book Section
"Duhme, Heidje",1993,Das Phänomen der Übertragung und Gegenübertragung in der Feldenkrais Arbeit,"In K. von Steinaecker (Hrsg.). Der eigene und der fremde Körper, Übertragungsphänomene in der Atem- und Leibpädagogik (pp. 25-32).xxx: Edition Lit.europe, ISBN 3-930126-06-0","Psychologie/Pädagogik, Feldenkrais-Methode, Interaktion, Buchkapitel nach Vortrag",Buchkapitel,Book Section
"Klassen, Andrea",2006,Fachtagung Kunst und Kultur: Feldenkrais und Kunst - Feldenkrais und Beuys,"In Lernen in Bewegung, 2. Europäischer Feldenkrais-Kongress, Berlin 2005 \ S. 157-165, München: Feldenkrais-Verband e.V.","Zusammenfassung Kongressbeitrag, Kunst und Kultur",Buchkapitel,Book Section
"Schell, Klaus",2006,Fachtagung Psychologie und Psychotherapie: Psychologische Aspekte der Feldenkrais-Methode -eine Untersuchung zu Wirkfaktoren und Auswirkungen auf das Selbstkonzept,"In Lernen in Bewegung, 2. Europäischer Feldenkrais-Kongress, Berlin 2005 \ S. 231-235, München: Feldenkrais-Verband e.V.","Zusammenfassung Kongressbeitrag, Psychologie und Psychotherapie",Buchkapitel,Book Section
"Kothbauer, Kurt",2006,Fachtagung Sport und Bewegung: Hochleistungssport und die Feldenkrais-Methode: ein Praxisbericht aus dem alpinen Skirennlauf,"In Lernen in Bewegung, 2. Europäischer Feldenkrais-Kongress, Berlin 2005; S. 119-135, München: Feldenkrais-Verband e.V.","Zusam menfassung Kongressbeitrag, Sport und Bewegung",Buchkapitel,Book Section
"Lacina, Marianne",2006,Fachtagung Kunst und Kultur: Feldenkrais und Tanzunterricht,"In Lernen in Bewegung, 2. Europäischer Feldenkrais-Kongress, Berlin 2005; S. 166-173, München: Feldenkrais-Verband e.V.","Zusammenfassung Kongressbeitrag, Kunst und Kultur",Buchkapitel,Book Section
"Hassa, Thomas",2006,Fachtagung Medizin: Feldenkrais und Neurowissenschaft,"In Lernen in Bewegung, 2. Europäischer Feldenkrais-Kongress, Berlin 2005; S. 211 -216, München: Feldenkrais-Verband e.V.","Zusammenfassung Kongressbeitrag, Medizin",Buchkapitel,Book Section
"Reinhardt, Martin",2006,Fachtagung Psychologie und Psychotherapie: Beziehungen als Bedingungen zum Lernen und Wachsen - Psychoanalytische Sichten,"In Lernen in Bewegung, 2. Europäischer Feldenkrais-Kongress, Berlin 2005; S. 236-242, München: Feldenkrais-Verband e.V.","Zusammenfassung Kongressbeitrag, Psychologie und Psychotherapie",Buchkapitel,Book Section
"Wiedenmann, Itta",2006,Fachtagung Psychologie und Psychotherapie: Somatic Experiencing (SE) - eine Navigationshilfe für den Umgang mit Folgen von Schock und Trauma,"In Lernen in Bewegung, 2. Europäischer Feldenkrais-Kongress, Berlin 2005; S. 262-265, München: Feldenkrais-Verband e.V.","Zusammenfassung Kongressbeitrag, Psychologie und Psychotherapie",Buchkapitel,Book Section
"Witte, llsabe",2006,Fachtagung Psychologie und Psychotherapie: Körper und Sprache,"In Lernen in Bewegung, 2. Europäischer Feldenkrais-Kongress, Berlin 2005; S. 265-269, München: Feldenkrais-Verband e.V.","Zusam menfassung Kongressbeitrag, Psychologie und Psychotherapie",Buchkapitel,Book Section
"Shelhav, Chava",2006,Fachtagung Pädagogik: Arbeit mit Säuglingen und Kindern auf Basis der Feldenkrais-Methode,"In Lernen in Bewegung, 2. Europäischer Feldenkrais-Kongress, Berlin 2005; S. 90-92, München: Feldenkrais-Verband e.V.","Zusammenfassung Kongressbeitrag, Pädagogik",Buchkapitel,Book Section
"Gamelli, Ivano",2006,"Fachtagung Pädagogik: Der Gestus, der uns verändert. Für eine Pädagogik des Körpers.","In Lernen in Bewegung, 2. Europäischer Feldenkrais-Kongress, Berlin 2005; S. 92-99, München: Feldenkrais-Verband e.V.","Zusammenfassung Kongressbeitrag, Pädagogik",Buchkapitel,Book Section
"Wind, Hildegard",2006,Fachtagung Kunst und Kultur: Feldenkrais in der Kunst des Instrumentalspiels - Erfahrungen aus dem Alltag mit Musikern,"In Lernen in Bewegung, 2. Europäischer Feldenkrais-Kongress, Berlin 2005\ S. 195-199, München: Feldenkrais-Verband e.V.","Zusam menfassung Kongressbeitrag, Kunst und Kultur",Buchkapitel,Book Section
"Wilczek, Ingrid",2006,Fachtagung Medizin: Ich schliesse die Augen und falle nicht um -warum?,"In Lernen in Bewegung, 2. Europäischer Feldenkrais-Kongress, Berlin 2005\ S. 230-230, München: Feldenkrais-Verband e.V.","Zusammenfassung Kongressbeitrag, Medizin",Buchkapitel,Book Section
"Last, Thorsten",2006,Fachtagung Sport und Bewegung: Sich-Bewegen nach Feldenkrais- Das Problem eines (der Feldenkrais-Praxis) angemessenen Bewegungskonzeptes,"In Lernen in Bewegung, 2. Europäischer Feldenkrais-Kongress, Berlin 2005] S. 109-118, München: Feldenkrais-Verband e.V.","Zusammenfassung Kongressbeitrag, Sport und Bewegung",Buchkapitel,Book Section
"Lillge, Christiane",2006,Fachtagung Medizin: Feldstudie zur Wirksamkeit der Feldenkrais-Methode bei Spondylitis Ankylosans,"In Lernen in Bewegung, 2. Europäischer Feldenkrais-Kongress, Berlin 2005] S. 203-211, München: Feldenkrais-Verband e.V.","Zusammenfassung Kongressbeitrag, Medizin",Buchkapitel,Book Section
"Schmidt, Jürgen",1996,Gutachten zum Stand des Nachweises der Wirksamkeit der Feldenkrais-Methode,"In M. Bühring und F.H. Kemper (Hrsg.), Naturheilverfahren und unkonventionelle medizinische Richtungen (pp. 1-8). Berlin, Heidelberg, New York 1992. Folgelieferung Juli 1996.","Gutachten, Feldenkrais-Methode, Wirksamkeitsnachweis, Auswertung von Studien",Buchkapitel,Book Section
"Lämmerzahl, Vera",1995,Das Lernen lernen,In P. Heitkämper (Hrsg.). Mehr Lust auf Schule: ein Handbuch für innovativen und gehirngerechten Unterricht (pp.73-85). Paderborn: Junfermann.,"Pädagogik, Feldenkrais-Methode, Lernen, Schule, Buchkapitel",Buchkapitel,Book Section
"Schwind, Peter",1985,Der Unterschied zwischen Körperhaltung und Körperstruktur -Struktur und Funktion,"In P. Schwind. Alles im Lot: Rolfing, Der Weg zu körperlichem und seelischem Gleichgewicht (pp. 92-104). München: Goldmann Verlag.","Körperarbeit, Rolfing, Feldenkrais, Struktur und Funktion, inhaltlicher Vergleich",Buchkapitel,Book Section
"Bisges, Günther und Newton, Paul",1992,Überlegungen zum Einsatz der Feldenkrais-Methode zur Schulung des Rückens,"In S. Höfling und P.J. Kaisser (Hrsg.), Orthopädische Rückenschule Interdisziplinär, S. xxx-131. Berlin Heidelberg New York: Springer-Verlag.","Medizin/Orthopädie, Feldenkrais-Methode, Rückenschule",Buchkapitel,Book Section
"Pieper, Barbara und Weise, Sylvia",2000,Feldenkrais-Methode,"In Stumm, G., Pritz, A.(Hrsg.), Wörterbuch der Psychotherapie, S. 203-204. Wien New York: Springer Verlag.",Lexikoneintrag Feldenkrais-Methode,Buchkapitel,Book Section
"Pieper, Barbara und Weise, Sylvia",2005,"Feldenkrais, Moshe","In Stumm, G., Pritz, A., Gumhalter, P., Nemeskeri, N., & Voracek, M. (Hrsg.), Personenlexikon der Psychotherapie, S. 169-170. Wien New York: Springer Verlag.",Lexikoneintrag Moshe Feldenkrais,Buchkapitel,Book Section
"Keller-Kropp, Sylvia",1993,Feldenkrais-Methode,"In T. Seifert und A. Waiblinger (Hrsg.), Die 50 wichtigsten Methoden der Psychotherapie, Körpertherapie, Selbsterfahrung und des geistigen Trainings (pp. 99-105). Stuttgart: Kreuz Verlag.","Lexikoneintrag, Feldenkrais-Methode",Buchkapitel,Book Section
"Jacoby, Peter",1990,Die Feldenkrais-Methode im Instrumental- und Gesangsunterricht,"In W. Pütz (Hrsg.), Musik und Körper (pp. 99-106), Musikpädagogische Forschung, Band 11, Essen: Verlag Die Blaue Eule.","Musikpädagogik, Feldenkrais-Methode, Instrumentalunterricht, Gesangsunterricht, Essay/Buchkapitel",Buchkapitel,Book Section
"Jacoby, Peter",1988,Der menschliche Kehlkopf - Struktur und Funktion,"In W. Rohmert (Hrsg.), Beiträge zum 1. Kolloquium Praktische Musikphysiologie (pp. 56-63), Dokumentation Arbeitswissenschaft, Bd. 24, Köln: O.Schmidt.","Musikpädagogik, Feldenkrais, Kehlkopf, Vortrag/Buchkapitel",Buchkapitel,Book Section
"Jacoby, Peter",1990,Physiologisch fundierte Stimmbildung aus der Perspektive der Feldenkrais-Methode,"In W. Rohmert (Hrsg.), Beiträge zum 2. Kolloquium Praktische Musikphysiologie (pp. 57-69), Dokumentation Arbeitswissenschaft, Bd. 27, Köln: O.Schmidt.","Musikpädagogik, Feldenkrais-Methode, Stimmbildung, Vortrag/Buchkapitel",Buchkapitel,Book Section
"Wichmann, Dirk",1996,Wahrgenommene Bewegung oder bewegte Wahrnehmung,"In W. und W. Doering, G. Dose, M. Stadelmann (Hrsg.), Sinn und Sinne im Dialog - der Kongreß zur Wahrnehmung, 2.-4.März 1995, Marburg; S. 221-235, Dortmund: Verlag Borgmann Publishing.","Kognitionswissenschaften, Feldenkrais, Wahrnehmung und Bewegung, Vortrag",Buchkapitel,Book Section
"Czetczok, H.-E.",1993,Die Feldenkrais-Methode,"In: Bühring, M., Kemper, F.(Hrsg.), Naturheilverfahren und unkonventionelle medizinische Richtungen. S. 1-24. ???, Berlin, Heidelberg, New York","Grundlagen, Feldenkrais-Methode",Buchkapitel,Book Section
"Klinkenberg, Norbert",2007,Feldenkrais-Methode,"In: R. Dahlke (Hg.), Das große Buch der ganzheitlichen Therapien, S. 197-204. München: Integral","Medizin, Feldenkrais-Methode",Buchkapitel,Book Section
"Stiehler, Dagmar",1993,Bewußte Bewegung beim Violaspiel -Betrachtungen zum Bewegungsverhalten am Instrument unter Einbeziehung der Feldenkraismethode,"Diplomarbeit, Hochschule für Musik und Darstellende Kunst, Frankfurt am Main, Deutschland","Instrumental- und Gesangspädagogik, Feldenkrais-Methode, Violaspiel, Bewegungsverhalten",Diplomarbeit,Thesis
"Breining, Katja",1999,"Auswirkungen der Feldenkrais-Methode ""Funktionale Integration"" bei Patientinnen nach einem Herzinfarkt","Diplomarbeit, Ruprechts-Karls-Universität, Heidelberg, Deutschland","Psychologie, Funktionale Integration, Herzinfarkt-Patienten, Auswirkungen",Diplomarbeit,Thesis
"Laumer, Uwe",1993,"Wirkungen der Feldenkrais-Methode ""Bewußtheit durch Bewegung"" bei eßgestörten Patienten im Rahmen einer stationären Therapie","Diplomarbeit, Universität Regensburg, Deutschland","Psychologie, Bewußtheit durch Bewegung, Eßstörungen, Studie",Diplomarbeit,Thesis
"Welsch, Marcel",1997,Zur Feldenkraismethode in der Therapie mit Alkoholabhängigen,"Unveröffentlichte Diplomarbeit, Deutsche Sporthochschule Köln, Deutschland","Rehabilitation, Sporttherapie, Bewegungstherapie, Feldenkrais-Methode, Alkoholkranke, Diplomarbeit, Studie",Diplomarbeit,Thesis
"Korff, Aniko",2007,Öffentlichkeitsarbeit in Nonprofit-Organisationen. Entwicklung einer PR-Kampagne im Verband Feldenkrais e. V. Deutschland,"Unveröffentlichte Diplomarbeit, Fachhochschule im DRK, Göttingen, Deutschland.","Sozialmanagement, Public Relations, Nonprofit-Organisation, Feldenkrais-Verband",Diplomarbeit,Thesis
"Gürlich, Grit & Neubeck, Volker",2004,"Evaluation der Feldenkrais-Methode® - Auswirkungen auf gesundheitsbezogene Lebensqualität, Selbstwirksamkeitserwartung und Körperbild","Unveröffentlichte Diplomarbeit, Freie Universität Berlin, Deutschland","Psychologie, Bewußtheit durch Bewegung, Selbstwirksamkeitserwartung, Körperbild, Lebensqualität, Studie mit Kontrollgruppe, Diplomarbeit",Diplomarbeit,Thesis
"Henze, Martin",1989,Bewußtheit durch Bewegung - eine Auseinandersetzung mit Moshe Feldenkrais,"Unveröffentlichte Diplomarbeit, Gesamthochschule Kassel, Deutschland","Psychologie/Pädagogik, Feldenkrais-Methode, Theorie, Diplomarbeit",Diplomarbeit,Thesis
"Wildegger, Marion",2008,Die Feldenkrais-Methode im Gesangsunterricht - Einflüsse somatischen Lernens auf verschiedene Aspekte der Sängerentwickluna,"Unveröffentlichte Diplomarbeit, Hochschule für Musik Saar, Saarbrücken, Deutschland","Musikpädagogik, Gesang, Feldenkrais-Methode, praktische Anwendung in der Gesangsausbildung",Diplomarbeit,Thesis
"Eikmeier, Corinna",1992,Anwendung der Feldenkraismethode im Cellounterricht,"Unveröffentlichte Diplomarbeit, Hochschule für Musik und Theater Hannover, Deutschland","Musikpädagogik, Feldenkrais-Methode, Cello, Instrumentalunterricht, Diplomarbeit",Diplomarbeit,Thesis
"Sorg, Cornelia",1997,Was hat Feldenkrais mit sozialer Arbeit zu tun? Bewußtheit durch Bewegung als Präventions- und Hilfsmöglichkeit im Rahmen Sozialer Arbeit unter dem Erklärungsansatz des Life Models,"Unveröffentlichte Diplomarbeit, Katholische Stiftungsfachhochschule München, Deutschland","Sozialwissenschaften, Feldenkrais-Methode, Soziale Arbeit, Life-Model, Diplomarbeit",Diplomarbeit,Thesis
"Wilczek, Ruth",1985,Bewußtheit durch Bewegung - die Feidenkrais-Methode aus sportpädagogischer Sicht,"Unveröffentlichte Diplomarbeit, Technische Universität München, Deutschland","Sportwissensch aften, Feidenkrais-Methode, Sportpädagogik, Zulassungsarbeit mit Erfahrungsberichten",Diplomarbeit,Thesis
"Czetczok, H.-E.",1987,Bewegungserziehung mit der Feldenkrais-Methode. Historische Aspekte/Theorie und Praxis - mit einer experimentellen Untersuchung zum Einfluü dieser Methode auf die kinästhetische Diskriminationsleistung im Funktionsbereich Schultergürtel-Arme.,"Unveröffentlichte Diplomarbeit, Universität Bielefeld, Deutschland","Psychologie, Feldenkrais-Methode, Bewußtheit durch Bewegung, kinästhetische Diskrimination, Studie, Diplomarbeit",Diplomarbeit,Thesis
"Holm, Maike",1999,Do you feel the difference? Der Beitrag der Feldenkrais-Methode zur Gesundheitsförderung,"Unveröffentlichte Diplomarbeit, Universität Bremen, Deutschland","Psychologie, Feldenkrais-Methode, Gesundheit, Gesundheitsförderung,",Diplomarbeit,Thesis
"Ernst, Karoline",1995,Der Einsatz der Feldenkrais Methode Bewußtheit durch Bewegung zur Vermeidung körperlicher Schmerzen bei Bildschirmarbeit,"Unveröffentlichte Diplomarbeit, Universität Eichstätt, Deutschland","Psychologie, Bewußtheit durch Bewegung, Bildschirmarbeit, Diplomarbeit",Diplomarbeit,Thesis
"Diegelmann, Bernd",2000,Therapeutische Effekte der Feidenkrais-Methode im Rahmen einer stationären verhaltenstherapeutischen Rehabilitationsbehandlunq,"Unveröffentlichte Diplomarbeit, Universität Koblenz-Landau, Abteilung Landau, Deutschland","Psychologie, Feidenkrais-Methode, Verhaltenstherapie, Empirische Erhebung, Psychosomatik",Diplomarbeit,Thesis
"Güner, Perinisa Rahsan",2001,Körperbildveränderungen durch die Feldenkrais-Methode: Möglichkeiten der Operationalisierung,"Unveröffentlichte Diplomarbeit, Universität Koblenz-Landau, Abteilung Landau, Deutschland","Psychologie, Feldenkrais-Methode, Erhebungsinstrumente",Diplomarbeit,Thesis
"Wendhut, Marcus",2000,Zur Inanspruchnahme der Feldenkrais-Methode in der stationären Rehabilitation,"Unveröffentlichte Diplomarbeit, Universität Koblenz-Landau, Abteilung Landau, Deutschland","Psychologie, Feldenkrais-Methode, stationäre Rehabilitation, Psychosomatik",Diplomarbeit,Thesis
"Sturm, Ramona",1993,Sensibilisierung des Bewusstseins für psychophysische Prozesse bezogen auf das Violinspiel,"Unveröffentlichte Diplomarbeit, XXX Würzburg, Deutschland","Musikpädagogik, Feldenkrais-Methode, Violinspiel, psychophysische Prozesse",Diplomarbeit,Thesis
"von Moers, Christopher",2005,Vorstellung der Rolfing- und der Feldenkrais-Methode und Vergleich beider Methoden,"Unveröffentlichte Facharbeit aus dem Fach Sport, Luitpold-Gymnasium, München, Deutschland","Sport, Rolfing, Feldenkrais, Vergleich, praktische Anwendung",Facharbeit,Manuscript
"Schubert, Monika",2006/ 2007,Die Feldenkraismethode und die Therapie nach Bobath - zwei Konzepte im Vergleich,"Unveröffentlichte Facharbeit zum Bobathkurs 2006/2007 am IfG GmbH - SPZ Suhl, Deutschland.","Physiotherapie, Feldenkrais-Methode, Therapie nach Bobath, Vergleich der Konzepte",Facharbeit,Manuscript
"Hermens, Kordula",1997,"Die Feldenkrais-Methode, Untersuchungen zu ihrer Bedeutung für Bildung und Erziehung","Unveröffentlichte Magisterarbeit Ludwig-Maximilians-Universität München, Deutschland","Pädagogik, Feldenkrais-Methode, Theorie, Bildung, Erziehung, Magisterarbeit",Magisterarbeit,Thesis
"Wermund, Brigitte Maitri",2002,Moshe Feldenkrais und die Pädagogik,"Unveröffentlichte Magisterarbeit, Ludwig-Maximilians-Universität München, Deutschland","Pädagogik, Moshe Feldenkrais, Theorie, Magisterarbeit",Magisterarbeit,Thesis
"Roether, Ulrich und Eva",,Im Alter aufrecht und beweglich - Ein Kommunikationsprojekt mit Teilnehmern aus dem Seniorenzentrum und aus der Gemeinde Gundelfingen bei Freiburg (nicht wissenschaftlich) -Welche Auswirkungen haben 12 Fetdenkrais-Gruppenstunden in einem Zeitraum von 3 Monaten auf die Lebensaualität der Teilnehmer,"Feldenkraisinstitut Dr. Roether, Mühlenstr. 17, 79194 Gundelfingen, Tel. 0761-583 581, Email: ulrich.roether@web.de","Gesundheitskommunikation, Bewußtheit durch Bewegung, Senioren, Fallstudien und Erfahrungsbericht",Manuskript,Manuscript
"Grübel, Robert & Larisch, Astrid",2001,"Abschlußbericht - Studie ""Zur Wirksamkeit der Feldenkrais-Methode bei Krebs-Betroffenen""",Gesellschaft für biologische Krebsabwehr e.V.,"Medizin, Funktionale Integration, Krebspatienten, Studie",Manuskript,Manuscript
"Tiskens, Heino",2005,Die Feldenkraismethode im psychosomatischen Kontext,Manual für Psychotherapeuten und Assistenzärzte der Gelderlandklinik (Fachklinik für Psychotherapie und Psychosomatik) Überlegungen zur Integration der Feldenkraismethode in ein psychosomatisches Rehabilitationskonzept am Beispiel der Gelderlandklinik,"Medizin, Feldenkrais-Methode, Psychosomatik, Psychotherapie, Manual",Manuskript,Manuscript
"Kapretz, Anne",2008,Förderung der Lernkompetenz von Kindern unter Verwendung der wissenschaftlich belegten Konzepte der Feldenkrais-Methode,"Unveröffentlichter Projektbericht Kontaktstudium Gesundheitspädagogik an der Akademie für wissenschaftliche Weiterbildung e.V., Universität Freiburg und Pädagogische Hochschule Freiburg","Pädagogik, Feldenkrais, Erfahrungsbericht und Auswertung aus der praktischen Anwendung in der Schule",Manuskript,Manuscript
"Doron-Doroftei, Paul",,Ein Weg zum organischen Lernen: Die Betrachtung des Lebens als beabsichtigte Bewegung,,"Medizin/Pädagogik, Feidenkrais-Methode, behindertes Kind, Fallgeschichten, Buch?",Manuskript,Manuscript
"Wieland, N.",2003,Aufmerksamkeit lenken - Bewegung bewusst spüren,Stellungnahme zum Projekt und seinem Konzept,"Sozialpädagogik, Feidenkrais-Methode, Kinder, Eltern, Aufmerksamkeitsstörungen",Manuskript (?),Manuscript
"Graf-Pointner, Sabina",2004,Die Feldenkrais-Methode - Vor dem Hintergrund der aktuellen wissenschaftlichen Diskussion,"Vortrag am 28.01.2004 an der Klinik für Neurologische Rehabilitation, Klinikum am Europakanal Erlangen","Überblick, Feldenkrais-Methode, wissenschaftliche Diskussion, Vortrag",Manuskript (?),Manuscript
"Duffner, Thomas",1988,Die Feldenkrais-Methode -Möglichkeit einer Lebenshilfe für den chronischen Dialysepatienten?,"Vortrag auf der 6. Arbeitstagung ""Psychosomatische Nephrologie"" in Offenburg, 25. Juni 1988","Medizin/Psychosomatik, Feldenkrais-Methode, Dialysepatienten, Vortrag",Manuskript (?),Manuscript
"Duhme, Heidje",1993,Der eigene und der fremde Körper -das Phänomen der Übertragung und Gegenübertragung in der Atem- und Leibpädagogik,"Vortrag auf der Wissenschaftlichen Arbeitstagung der Arbeits- und Forschungsgemeinschaft für Atempflege e.V., Wiesbaden, 29.-31.10.1993","Psychologie/Pädagogik, Feldenkrais-Methode, Atempflege, Vortrag",Manuskript (?),Manuscript
"Clenin, Daniel, Pieper, Barbara & Schacker, Werner",2009,Wissenschaftliche Konzepte am eigenen Leib erkunden,"IFF Akademie, PRISMA Projekte, München/BernProjektbericht (http ://www. barbarapieper. de/d ownloads/Projektbericht2009.pd ü","Wissenschaftstheorie, Leiberfahrung, Feldenkrais-Methode",Projektbericht,Report
Hertkorn Helga,1990,"Vergleich der im Kontaktstudium (WS 1988/89 - WS 1989/90, PH Weingarten) behandelten Lernmodelle mit der Feldenkrais-Methode",Unveröffentlichte Studienarbeit an der PH Weingarten,"Pädagogik, Feldenkrais-Methode, Lernmodelle",Studienarbeit,Manuscript
"Menke, Sybille & Maier, Iris",2002,Repetitive Strain Injury (RSI) und ganzheitliche Bewegungslehren wie Alexandertechnik und die Feldenkrais-Methode - Eine Erhebung-,"Unveröffentlichte Studienarbeit, Institut für Psychologie, Technische Universität Darmstadt","Psychologie, Feldenkrais-Methode, Repetitive Strain Injury, Studie",Studienarbeit,Manuscript